B&I_No,GBT_No,Wales_No,Scot_No,Book_Name,Link,Latitude,Longitude,Grid_Reference
34,,,,The Borrowdale Yew,https://ati.woodlandtrust.org.uk/tree-search/tree?treeid=10981,54.50225,-3.18235,NY2353012525
35,,,,Great Lime at Holker,https://ati.woodlandtrust.org.uk/tree-search/tree?treeid=11167,54.18896,-2.98536,SD35807747
36,,,,Umbrella Yew at Levens Hall,https://ati.woodlandtrust.org.uk/tree-search/tree?treeid=140641,54.25871,-2.77548,SD49588506
37,,,,Wild Cherry at Studley Royal,https://ati.woodlandtrust.org.uk/tree-search/tree?treeid=4853,54.12299,-1.57289,SE2801269764
38,,,,The Marton Oak,https://ati.woodlandtrust.org.uk/tree-search/tree?treeid=23583,53.21169,-2.22277,SJ8522068315
39,,,,The Major Oak,https://ati.woodlandtrust.org.uk/tree-search/tree?treeid=1,53.20458,-1.07243,SK6205367902
40,,,,The Original Bramley,https://ati.woodlandtrust.org.uk/tree-search/tree?treeid=185333,53.07642,-0.9482,SK7055953760
41,,,,Newton's Apple Tree,https://ati.woodlandtrust.org.uk/tree-search/tree?treeid=104203,52.80904,-0.63353,SK9220624374
42,,,,Bowthorpe Oak at Bourne,https://ati.woodlandtrust.org.uk/tree-search/tree?treeid=142,52.72521,-0.42125,TF0671815342
43,,,,Ely's London Plane,https://ati.woodlandtrust.org.uk/tree-search/tree?treeid=45737,52.39809,0.260565,TL53908019
44,,,,First Dawn Redwood,https://ati.woodlandtrust.org.uk/tree-search/tree?treeid=29595,52.19344,0.124624,TL45325715
45,,,,Kett's Oak at Wymondham,https://ati.woodlandtrust.org.uk/tree-search/tree?treeid=11923,52.587689,1.155933,TG1388303554
46,,,,Hethel Old Thorn,https://ati.woodlandtrust.org.uk/tree-search/tree?treeid=179475,52.559093,1.201364,TG1710100510
47,,,,Panshanger Great Oak,https://ati.woodlandtrust.org.uk/tree-search/tree?treeid=100520,51.803244,-0.13382568,TL2877013269
48,,,,World's End Black Poplar,https://ati.woodlandtrust.org.uk/tree-search/tree?treeid=248508,51.766463,0.053454608,TL4179709526
49,,,,Cage Pollard at Burnham Beeches,https://ati.woodlandtrust.org.uk/tree-search/tree?treeid=7879,51.55385,-0.63304,SU94878477
50,,,,Ankerwycke Yew at Runnymede,https://ati.woodlandtrust.org.uk/tree-search/tree?treeid=2121,51.44479,-0.55657,TQ0041072742
51,,,,Old Lion' Gingko at Kew,https://ati.woodlandtrust.org.uk/tree-search/tree?treeid=29388,51.48256,-0.2914,TQ18747734
52,,,,Charlton House Mulberry,https://ati.woodlandtrust.org.uk/tree-search/tree?treeid=56053,51.481157,0.036363831,TQ4150277766
53,,,,Sidney Oak at Penshurst,https://ati.woodlandtrust.org.uk/tree-search/tree?treeid=6357,51.18166,0.184654,TQ52794476
54,,,,The Crowhurst Yew,https://ati.woodlandtrust.org.uk/tree-search/tree?treeid=5496,50.88366,0.497096,TQ7574812321
55,,,,Preston Park Twins,https://ati.woodlandtrust.org.uk/tree-search/tree?treeid=5991,50.84148,-0.15059,TQ3030906290
56,,,,Queen Elizabeth I Oak,https://ati.woodlandtrust.org.uk/tree-search/tree?treeid=4418,50.99611,-0.70062,SU9128122659
57,,,,The Selborne Yew,https://ati.woodlandtrust.org.uk/tree-search/tree?treeid=4633,51.098348,-0.94307298,SU7410533758
58,,,,Wellington's Wellingtonia,,51.347582,-1.000028,SU6973961419
59,,,,Cedar of Lebanon at Childrey,,51.585869,-1.480558,SU3608587573
60,,,,The Big Belly Oak,https://ati.woodlandtrust.org.uk/tree-search/tree?treeid=2733,51.39039,-1.69483,SU2133065749
61,,,,Wyndham's Oak,https://ati.woodlandtrust.org.uk/tree-search/tree?treeid=6884,51.06317,-2.30933,ST78422936
62,,,,Martyrs' Tree in Tolpuddle,https://ati.woodlandtrust.org.uk/tree-search/tree?treeid=11766,50.74945,-2.29662,SY79179447
63,,,,Monkey Puzzle at Bicton,https://ati.woodlandtrust.org.uk/tree-search/tree?treeid=44483,50.66657,-3.31008,SY07518603
64,,,,The Meavy Oak,https://ati.woodlandtrust.org.uk/tree-search/tree?treeid=157634,50.48629,-4.05866,SX5405367188
65,,,,The Darley Oak,https://ati.woodlandtrust.org.uk/tree-search/tree?treeid=12217,50.53392,-4.43376,SX2762073290
66,,,,The Ashbrittle Yew,https://ati.woodlandtrust.org.uk/tree-search/tree?treeid=3737,50.98369,-3.35162,ST0521921346
67,,,,Glastonbury Thorn,,51.147881,-2.716242,ST4999638979
68,,,,Corsham Court Oriental Plane,https://ati.woodlandtrust.org.uk/tree-search/tree?treeid=156499,51.43624,-2.18222,ST87437082
69,,,,Westonbirt Lime Tree,https://ati.woodlandtrust.org.uk/tree-search/tree?treeid=38800,51.60275,-2.23022,ST8415289349
70,,,,The Tortworth Chestnut,https://ati.woodlandtrust.org.uk/tree-search/tree?treeid=5140,51.63756,-2.42846,ST7044593282
71,,,,Croft Castle Oak,https://ati.woodlandtrust.org.uk/tree-search/tree?treeid=157,52.28332,-2.81147,SO44746533
72,,,,Bewdley Sweet Chestnut,https://ati.woodlandtrust.org.uk/tree-search/tree?treeid=33120,52.37164,-2.31296,SO78797489
73,,,,Whitty Pear,https://ati.woodlandtrust.org.uk/tree-search/tree?treeid=248509,52.373855,-2.369461,SO7494475155
74,,,,Royal Oak at Boscobel,https://ati.woodlandtrust.org.uk/tree-search/tree?treeid=98246,52.6701,-2.24182,SJ8374408071
,11,,,The Appleton Thorn,https://ati.woodlandtrust.org.uk/tree-search/tree?treeid=152443#/,53.350424,-2.5453164,SJ6379783865
,15,,,Horse Chestnut at Morton,https://ati.woodlandtrust.org.uk/tree-search/tree?treeid=244473,53.136724,-1.3915991,SK4079960125
,20,,,Chedgrave Jubilee Oak,https://ati.woodlandtrust.org.uk/tree-search/tree?treeid=244474,52.539559,1.4809187,TM3615099216
,39,,,Heavitree Yew in Exeter,https://ati.woodlandtrust.org.uk/tree-search/tree?treeid=2571,50.72014,-3.50684,SX9372692251
,42,,,Domesday Oak at Ashton Court,https://ati.woodlandtrust.org.uk/tree-search/tree?treeid=43692,51.4464,-2.64157,ST55517213
31,,,,The Wesley Beeches,https://ati.woodlandtrust.org.uk/tree-search/tree?treeid=185309,54.53472,-6.01526,NW4034522913
32,,,,The Original Irish Yew,,54.254082,-7.7229392,SA2743699395
33,,,,Great Yews at Crom,https://ati.woodlandtrust.org.uk/tree-search/tree?treeid=38756,54.16205,-7.44336,H36412381
1,,,131,The Castle Leod Redwood,https://ati.woodlandtrust.org.uk/tree-search/tree?treeid=28208,57.59734,-4.53057,NH48865919
2,,,130,1550 Sweet Chestnut,https://ati.woodlandtrust.org.uk/tree-search/tree?treeid=7017,57.59829,-4.53231,NH48765930
3,,,122,The Kilravock Castle Layering Beech,https://ati.woodlandtrust.org.uk/tree-search/tree?treeid=28334,57.52008,-3.9818,NH81404950
4,,,111,Rannoch Rowan,https://ati.woodlandtrust.org.uk/tree-search/tree?treeid=54800,56.58567,-4.74805,NN31334713
5,,,80,The Glen Lyon Ash,https://ati.woodlandtrust.org.uk/tree-search/tree?treeid=153611,56.60228,-4.24503,NN6227647854
6,,,79,The Fortingall Yew,https://ati.woodlandtrust.org.uk/tree-search/tree?treeid=4010,56.59814,-4.05087,NN74184702
7,,,72,The Birnham Oak,https://ati.woodlandtrust.org.uk/tree-search/tree?treeid=2422,56.56122,-3.57564,NO03264214
8,,,67,The Parent Larch,https://ati.woodlandtrust.org.uk/tree-search/tree?treeid=98263,56.56523,-3.59116,NO0231742608
10,,,57,The Camperdown Elm,https://ati.woodlandtrust.org.uk/tree-search/tree?treeid=5897,56.48283,-3.04335,NO3584032790
11,,,52,The Scone Douglas Fir,https://ati.woodlandtrust.org.uk/tree-search/tree?treeid=4259,56.42277,-3.43437,NO11622654
12,,,,The Wishing Tree,https://ati.woodlandtrust.org.uk/tree-search/tree?treeid=42164,56.27846,-5.57481,NM78801530
13,,,105,The Mightiest Conifer in Europe,https://ati.woodlandtrust.org.uk/tree-search/tree?treeid=2166,56.25029,-4.94128,NN17871031
14,,,104,Robert The Bruce's Yew,https://ati.woodlandtrust.org.uk/tree-search/tree?treeid=2011,56.17487,-4.68494,NN33420127
15,,,102,Inchmahome Veterans,https://ati.woodlandtrust.org.uk/tree-search/tree?treeid=4817,56.175465,-4.2987674,"NN57390047
"
16,,,99,The Clachan Oak,https://ati.woodlandtrust.org.uk/tree-search/tree?treeid=2407,56.07359,-4.3348,NS54778921
17,,,100,The King Tree,https://ati.woodlandtrust.org.uk/tree-search/tree?treeid=2633,56.02612,-3.91916,NS80498313
18,,,,The Strathleven House Oak,,55.969331,-4.5686311,NS3978778127
19,,,90,The Pollock Park Beech,https://ati.woodlandtrust.org.uk/tree-search/tree?treeid=41717,55.82743,-4.31555,NS55056178
21,,,95,The Kelburn Weeping Larch,https://ati.woodlandtrust.org.uk/tree-search/tree?treeid=64416,55.77047,-4.84489,NS21645668
22,,,36,Stevenson's Yew,https://ati.woodlandtrust.org.uk/tree-search/tree?treeid=153618,55.90895,-3.25551,NT2161169140
23,,,,The Newbattle Abbey Sycamore,https://ati.woodlandtrust.org.uk/tree-search/tree?treeid=241603,55.882599,-3.0678925,NT3329466010
24,,,30,The Great Yew of Ormiston,https://ati.woodlandtrust.org.uk/tree-search/tree?treeid=62466,55.898,-2.94188,NT41206761
25,,,29,Rizzio's Chestnut,https://ati.woodlandtrust.org.uk/tree-search/tree?treeid=102490,55.89005,-3.10644,NT3089666877
26,,,11,The Capon Tree,https://ati.woodlandtrust.org.uk/tree-search/tree?treeid=5320,55.46234,-2.55372,NT6508518860
27,,,10,The Kailzie Larch,https://ati.woodlandtrust.org.uk/tree-search/tree?treeid=139345,55.63448,-3.14062,NT28293847
28,,,5,Rabbie Burns' Sycamore,https://ati.woodlandtrust.org.uk/tree-search/tree?treeid=153612,55.42785,-4.63769,NS3318518048
29,,,4,Blairquhan Dool Tree,https://ati.woodlandtrust.org.uk/tree-search/tree?treeid=64540,55.31609,-4.57659,NS36590547
,,,2,The Drumlanrig Sycamore,https://ati.woodlandtrust.org.uk/tree-search/tree?treeid=35462,55.275169,-3.8068853,NX85319938
,,,3,The Drumlanrig Douglas Fir,https://ati.woodlandtrust.org.uk/tree-search/tree?treeid=153260,55.273052,-3.8126766,NX8493699154
,,,6,The Auld Yew Tree of Loudoun,https://ati.woodlandtrust.org.uk/tree-search/tree?treeid=62497,55.610265,-4.3729144,NS50633774
,,,7,The Dawyck Silver Fir,https://ati.woodlandtrust.org.uk/tree-search/tree?treeid=42071,55.601807,-3.3164851,NT17153503
,,,8,The Dawyck Beech,https://ati.woodlandtrust.org.uk/tree-search/tree?treeid=75089,55.604396,-3.3180004,NT17063532
,,,9,The 1725 Larch (Dawyck),https://ati.woodlandtrust.org.uk/tree-search/tree?treeid=75096,55.599252,-3.3200498,NT16923475
,,,12,The Posso Sycamores,https://ati.woodlandtrust.org.uk/tree-search/tree?treeid=139388,55.585504,-3.2689772,NT20113316
,,,13,King Of The Wood,https://ati.woodlandtrust.org.uk/tree-search/tree?treeid=10099,55.46073614,-2.552592899,NT6515518682
,,,14,King James II Holly,https://ati.woodlandtrust.org.uk/tree-search/tree?treeid=75098,55.60224101,-2.456255257,NT7135034386
,,,15,Hirsel Sycamore,https://ati.woodlandtrust.org.uk/tree-search/tree?treeid=42072,55.65751958,-2.272383133,NT8295940477
,,,16,Hirsel Tulip Tree,https://ati.woodlandtrust.org.uk/tree-search/tree?treeid=75099,55.65763908,-2.273588128,NT8288440491
,,,17,Dryburgh Abbey Yew,https://ati.woodlandtrust.org.uk/tree-search/tree?treeid=10113,55.57692295,-2.648796046,NT5919231665
,,,18,The Covin Tree,https://ati.woodlandtrust.org.uk/tree-search/tree?treeid=4553,55.59171761,-2.647762731,NT5927333311
,,,19,Adam and Eve,https://ati.woodlandtrust.org.uk/tree-search/tree?treeid=75110,55.347364,-4.79348,NS22970948
,,,20,The Colliers' Oak,https://ati.woodlandtrust.org.uk/tree-search/tree?treeid=75112,55.284646,-4.7246519,NS27060233
,,,22,Traquair House Yews,https://ati.woodlandtrust.org.uk/tree-search/tree?treeid=10122,55.608589,-3.0619246,NT33203551
,,,23,The Tinnis Ash,https://ati.woodlandtrust.org.uk/tree-search/tree?treeid=75114,55.55145806,-2.97760795,NT3842129074
,,,25,The Polwarth Thorn,https://ati.woodlandtrust.org.uk/tree-search/tree?treeid=113317,55.744762,-2.4107744,NT74315023
,,,26,The Prestonhall Beech,https://ati.woodlandtrust.org.uk/tree-search/tree?treeid=102840,55.880436,-2.9710275,NT39356568
,,,27,The Wallace Yew,https://ati.woodlandtrust.org.uk/tree-search/tree?treeid=153615,55.835373,-4.4885712,NS4424663040
,,,28,The Roslin Sweet Chestnut,https://ati.woodlandtrust.org.uk/tree-search/tree?treeid=8263,55.8565,-3.15488,NT2780463193
,,,31,The Whittingehame Yew,https://ati.woodlandtrust.org.uk/tree-search/tree?treeid=11406,55.95085,-2.63748,NT6028973274
,,,32,The Whittengeham Eucalyptus,https://ati.woodlandtrust.org.uk/tree-search/tree?treeid=247386,55.950273,-2.6390063,NT6019373211
,,,37,The Royal Botanic Garden Silver Birch,https://ati.woodlandtrust.org.uk/tree-search/tree?treeid=247388,55.965468,-3.2100959,NT2456075379
,,,38,The Comiston House Austrian Pine,https://ati.woodlandtrust.org.uk/tree-search/tree?treeid=247390,55.905554,-3.2154112,NT2411168717
,,,40,The Four Disciples,https://ati.woodlandtrust.org.uk/tree-search/tree?treeid=153616,55.88524,-3.33614,NT1652066596
,,,41,The Hopetoun House Morinda Spruce,https://ati.woodlandtrust.org.uk/tree-search/tree?treeid=247392,55.993655,-3.4659086,NT0865978825
,,,42,The Carnegie Tree,https://ati.woodlandtrust.org.uk/tree-search/tree?treeid=185353,56.069444,-3.4701822,NT0857287265
,,,43,The Cockairnie Sweet Chestnut,https://ati.woodlandtrust.org.uk/tree-search/tree?treeid=74631,56.05216,-3.33468,NT16978517
,,,44,Lady Miller's Beech,https://ati.woodlandtrust.org.uk/tree-search/tree?treeid=110995,56.30936,-3.29021,NO2027513742
,,,45,The Balmerino Sweet Chestnut,https://ati.woodlandtrust.org.uk/tree-search/tree?treeid=180,56.40995,-3.04086,NO3587124676
,,,46,St Andrews Holm Oak,https://ati.woodlandtrust.org.uk/tree-search/tree?treeid=191,56.33911,-2.79423,NO5099716588
,,,47,Queen Mary's Thorn,https://ati.woodlandtrust.org.uk/tree-search/tree?treeid=189,56.33876,-2.79435,NO50991655
,,,48,The Bogle Bush,https://ati.woodlandtrust.org.uk/tree-search/tree?treeid=243508,56.481763,-3.3074579,NO1957332950
,,,49,Cromwell's Tree,https://ati.woodlandtrust.org.uk/tree-search/tree?treeid=2421,56.34817,-3.41264,NO12791821
,,,50,King James VI Sycamore,https://ati.woodlandtrust.org.uk/tree-search/tree?treeid=4183,56.42218,-3.43824,NO11382648
,,,51,Scone's Sitkas,https://ati.woodlandtrust.org.uk/tree-search/tree?treeid=133300,56.421526,-3.4282616,NO1199426394
,,,53,The King of the Forest,https://ati.woodlandtrust.org.uk/tree-search/tree?treeid=6509,56.444,-3.39267,NO14242885
,,,54,The Pepperwell Oak,https://ati.woodlandtrust.org.uk/tree-search/tree?treeid=16145,56.41545,-3.55671,NO0405625890
,,,55,The Mother and Father Trees,https://ati.woodlandtrust.org.uk/tree-search/tree?treeid=247393,56.440236,-3.5678752,NO0343028664
,,,56,Eppie Callum's Oak,https://ati.woodlandtrust.org.uk/tree-search/tree?treeid=153666,56.37778,-3.8533,NN8564722151
,,,58,The Dibble Tree,https://ati.woodlandtrust.org.uk/tree-search/tree?treeid=23392,56.50023,-2.7178,NO55913447
,,,60,Old Maggie,https://ati.woodlandtrust.org.uk/tree-search/tree?treeid=247394,56.581037,-3.1636307,NO2861843840
,,,61,The Gallows Tree,https://ati.woodlandtrust.org.uk/tree-search/tree?treeid=247395,56.56439,-2.8402112,NO4846241697
,,,62,Pitmuies Sweet Chestnut,https://ati.woodlandtrust.org.uk/tree-search/tree?treeid=118,56.63802,-2.70672,NO56754980
,,,63,Glamis Horse Chestnut,https://ati.woodlandtrust.org.uk/tree-search/tree?treeid=166409,56.61954,-3.00019,NO3872047967
,,,65,The Hermitage Douglas,https://ati.woodlandtrust.org.uk/tree-search/tree?treeid=153644,56.5569,-3.61406,NO0088841714
,,,66,The Dunkeld Douglas,https://ati.woodlandtrust.org.uk/tree-search/tree?treeid=98264,56.56523,-3.59164,NO0228742609
,,,68,Foswell Pedestal Larch,https://ati.woodlandtrust.org.uk/tree-search/tree?treeid=98008,56.27967,-3.677,NN9626710954
,,,69,Dunkeld Pedestal Larch,https://ati.woodlandtrust.org.uk/tree-search/tree?treeid=21406,56.566,-3.60969,NO01184272
,,,70,The Monzie Larch,https://ati.woodlandtrust.org.uk/tree-search/tree?treeid=163007,56.39837,-3.82751,NN87302440
,,,73,The Birnam Sycamore,https://ati.woodlandtrust.org.uk/tree-search/tree?treeid=2423,56.5614,-3.57614,NO03234216
,,,74,Neil Gow's Oak,https://ati.woodlandtrust.org.uk/tree-search/tree?treeid=2114,56.56345,-3.60938,NO0119242435
,,,76,The Monster Red Cedar,https://ati.woodlandtrust.org.uk/tree-search/tree?treeid=153637,56.65547,-3.79302,NN9017652957
,,,77,Diana's Grove,https://ati.woodlandtrust.org.uk/tree-search/tree?treeid=247396,56.775645,-3.8580407,NN8655366437
,,,78,The Cluny Redwood,https://ati.woodlandtrust.org.uk/tree-search/tree?treeid=55648,56.64102,-3.8299,NN8787251408
,,,81,Robertson's Oak,https://ati.woodlandtrust.org.uk/tree-search/tree?treeid=11369,56.69817,-3.72361,NN94555760
,,,82,The Madrona at Castles Menzies,https://ati.woodlandtrust.org.uk/tree-search/tree?treeid=247423,56.624789,-3.8959845,NN8377049712
,,,83,The Kenmore Coast Redwoods,https://ati.woodlandtrust.org.uk/tree-search/tree?treeid=247424 (one of two),56.586094,-4.00833,NN7675245602
,,,84,The Stewart Larch,https://ati.woodlandtrust.org.uk/tree-search/tree?treeid=247425,56.728078,-3.8096481,NN8937061064
,,,85,The Rannoch Crab,https://ati.woodlandtrust.org.uk/tree-search/tree?treeid=197387,56.68127,-4.39219,NN5355156949
,,,86,Queen Mary's Tree,https://ati.woodlandtrust.org.uk/tree-search/tree?treeid=68612,55.959376,-3.9664339,NS7733375786
,,,87,The Covenanters' Oak,https://ati.woodlandtrust.org.uk/tree-search/tree?treeid=257,55.77218,-3.97984,NS75905498
,,,89,The Darnley Sycamore,https://ati.woodlandtrust.org.uk/tree-search/tree?treeid=145911,55.8077,-4.34748,NS5297659652
,,,91,The Dargarvel Hornbeam,https://ati.woodlandtrust.org.uk/tree-search/tree?treeid=247426,55.890769,-4.507024,NS4331469245
,,,92,The Craigends Yew,https://ati.woodlandtrust.org.uk/tree-search/tree?treeid=31486,55.86241,-4.52628,NS4199566134
,,,93,John Knox's Yew,https://ati.woodlandtrust.org.uk/tree-search/tree?treeid=175966,55.92756,-4.62009,NS36407360
,,,96,The Kelburn Yews,https://ati.woodlandtrust.org.uk/tree-search/tree?treeid=64437,55.77083,-4.84492,NS21645672
,,,98,The Duelling Trees,https://ati.woodlandtrust.org.uk/tree-search/tree?treeid=247427,55.987862,-4.2314054,NS6089679458
,,,101,The Great Yew at Broich,https://ati.woodlandtrust.org.uk/tree-search/tree?treeid=153614,56.12869,-4.18898,NS6403995043
,,,103,The Poker Tree,https://ati.woodlandtrust.org.uk/tree-search/tree?treeid=147921,56.17869,-4.38305,NN5217101007
,,,106,The Ardkinglas Grand Fir,https://ati.woodlandtrust.org.uk/tree-search/tree?treeid=3284,56.25019,-4.94159,NN17851030
,,,108,The Balmaha Oak,https://ati.woodlandtrust.org.uk/tree-search/tree?treeid=2021,56.08335,-4.54129,NS41969075
,,,109,The Bicycle Tree,https://ati.woodlandtrust.org.uk/tree-search/tree?treeid=3673,56.23098,-4.36663,NN53390679
,,,110,The Fairy Tree,https://ati.woodlandtrust.org.uk/tree-search/tree?treeid=62617,56.17112,-4.37648,NN52550015
,,,112,The Drumtochty Sitka,https://ati.woodlandtrust.org.uk/tree-search/tree?treeid=38773,56.90864,-2.49573,NO69917981
,,,113,The Seven Men of Moidart,https://ati.woodlandtrust.org.uk/tree-search/tree?treeid=11553,56.78847,-5.7621554,NM70327264
,,,115,The Twin Trees of Finzean,https://ati.woodlandtrust.org.uk/tree-search/tree?treeid=38774,57.02272,-2.60019,NO63669256
,,,116,Queen of the Firs,https://ati.woodlandtrust.org.uk/tree-search/tree?treeid=247429,57.051624,-2.7074918,NO5717995840
,,,118,The Leith Hall Dule Tree,https://ati.woodlandtrust.org.uk/tree-search/tree?treeid=246664,57.355985,-2.7657939,NJ5402329759
,,,119,The Queen's Tree,https://ati.woodlandtrust.org.uk/tree-search/tree?treeid=247433,57.323972,-2.4539819,NJ7276026027
,,,120,Darnaway's Champion Oak,https://ati.woodlandtrust.org.uk/tree-search/tree?treeid=55632,57.57434,-3.65096,NJ01365501
,,,121,Gordon Castle Ash,https://ati.woodlandtrust.org.uk/tree-search/tree?treeid=247434,57.621798,-3.0888109,NJ3506359614
,,,123,The Great Fraser Yew,https://ati.woodlandtrust.org.uk/tree-search/tree?treeid=54784,57.17917,-4.59391,NH43301280
,,,124,The Seer Oak,https://ati.woodlandtrust.org.uk/tree-search/tree?treeid=245710,57.335293,-5.5538232,NG8620832784
,,,125,Dughall Mor,https://ati.woodlandtrust.org.uk/tree-search/tree?treeid=153642,57.45005,-4.40277,NH5591642521
,,,126,Duncan Forbes' Oak,https://ati.woodlandtrust.org.uk/tree-search/tree?treeid=170210,57.47571,-4.31798,NH6110045200
,,,127,Beauly Sycamore,https://ati.woodlandtrust.org.uk/tree-search/tree?treeid=28370,57.48449,-4.45868,NH5270046473
,,,128,The Fairburn Sitka,https://ati.woodlandtrust.org.uk/tree-search/tree?treeid=153643,57.53947,-4.58553,NH4533152874
,,,129,The Brahan Elm,https://ati.woodlandtrust.org.uk/tree-search/tree?treeid=114623,57.556,-4.49086,NH5106454502
,,,132,Champion Aspen,https://ati.woodlandtrust.org.uk/tree-search/tree?treeid=25404,57.88259,-4.44617,NH55059075
,,,133,The Dundonnell Yew,https://ati.woodlandtrust.org.uk/tree-search/tree?treeid=153613,57.82338,-5.18069,NH1120285974
,,,134,The Big Tree of Orkney,https://ati.woodlandtrust.org.uk/tree-search/tree?treeid=11121,58.98249,-2.95943,HY44951099
76,,67,,The Buttington Yew,https://ati.woodlandtrust.org.uk/tree-search/tree?treeid=31732,52.6717,-3.11059,SJ25000880
77,,61,,The Pontfadog Oak,https://ati.woodlandtrust.org.uk/tree-search/tree?treeid=194,52.9383,-3.1427,SJ23303849
78,,58,,The Gresford Yew,https://ati.woodlandtrust.org.uk/tree-search/tree?treeid=210,53.08784,-2.97704,SJ3465954960
79,,56,,The Three Sisters,https://ati.woodlandtrust.org.uk/tree-search/tree?treeid=2626,53.14058,-3.35542,SJ09436124
80,,55,,The Pulpit Yew,https://ati.woodlandtrust.org.uk/tree-search/tree?treeid=3473,53.14688,-3.49034,SJ00426212
81,,54,,The Llangernyw Yew,https://ati.woodlandtrust.org.uk/tree-search/tree?treeid=5126,53.19234,-3.68508,SH8751567464
82,,64,,Pennant Melangell Yews,https://ati.woodlandtrust.org.uk/tree-search/tree?treeid=5100,52.82747,-3.44945,SJ0243626533
83,,45,,Dafydd ap Gwilym's Yew,https://ati.woodlandtrust.org.uk/tree-search/tree?treeid=12810,52.27587,-3.83866,SN7465065783
84,,43,,The Bleeding Yew of Nevern,https://ati.woodlandtrust.org.uk/tree-search/tree?treeid=11075,52.025158,-4.7951448,SN0832939994
86,,38,,The Talley Abbey Ash,https://ati.woodlandtrust.org.uk/tree-search/tree?treeid=3548,51.97774,-3.9888,SN6349932899
88,,20,,The Bettws Newydd Yew,https://ati.woodlandtrust.org.uk/tree-search/tree?treeid=5301,51.74794,-2.92556,SO3619805876
,,4,,Discoed Yew,https://ati.woodlandtrust.org.uk/tree-search/tree?treeid=4059,52.27615301,-3.061643267,SO2766264753
,,6,,Llanfihangel-Nant-Melan Yews,https://ati.woodlandtrust.org.uk/tree-search/tree?treeid=184816,52.21562207,-3.20161879,SO1800158170
,,7,,Llanafan Fawr Yew,https://ati.woodlandtrust.org.uk/tree-search/tree?treeid=10624,52.19063132,-3.509112591,SN9693655783
,,8,,Alltmawr Yew,https://ati.woodlandtrust.org.uk/tree-search/tree?treeid=10625,52.11234815,-3.354820198,SO0732046868
,,11,,Millennium Derwen,https://ati.woodlandtrust.org.uk/tree-search/tree?treeid=2694,51.82270278,-2.853075008,SO4130014130
,,12,,Crickhowell Black Poplars,https://ati.woodlandtrust.org.uk/tree-search/tree?treeid=154794,51.85701225,-3.14280571,SO2139118220
,,13,,The Weird Birches of Ty-uchaf,https://ati.woodlandtrust.org.uk/tree-search/tree?treeid=243791,51.831879,-3.128814,SO2231215410
,,14,,Ty-uchaf Wall Ash,https://ati.woodlandtrust.org.uk/tree-search/tree?treeid=243894,51.827457,-3.1210416,SO22841491
,,19,,Llangattock-juxta-Usk Yew,https://ati.woodlandtrust.org.uk/tree-search/tree?treeid=3177,51.7814265,-2.97255585,SO3300409643
,,23,,Monmouth Catalpa,https://ati.woodlandtrust.org.uk/tree-search/tree?treeid=3240,51.81305376,-2.711069894,SO5107712952
,,24,,Caeryder Oak,https://ati.woodlandtrust.org.uk/tree-search/tree?treeid=180328,51.622924,-2.9379218,ST3516791984
,,25,,Curley Oak,https://ati.woodlandtrust.org.uk/tree-search/tree?treeid=14536,51.638754,-2.8621956,ST40439368
,,28,,Mamhilad Yew,https://ati.woodlandtrust.org.uk/tree-search/tree?treeid=177508,51.72513251,-3.007141994,SO3053103415
,,33,,Llangorse Wych Elm,https://ati.woodlandtrust.org.uk/tree-search/tree?treeid=238408,51.946457,-3.247896,SO1432528287
,,35,,Brecon Black Poplar,https://ati.woodlandtrust.org.uk/tree-search/tree?treeid=2165,51.945028,-3.3937121,SO04302831
,,36,,Rhandirmwyn Oak,https://ati.woodlandtrust.org.uk/tree-search/tree?treeid=77528,52.075393,-3.787376,SN77604340
,,37,,Defynnog Yew,https://ati.woodlandtrust.org.uk/tree-search/tree?treeid=10610,51.9396992,-3.56479319,SN9252827956
,,46,,Ystrad Meurig Ash,https://ati.woodlandtrust.org.uk/tree-search/tree?treeid=4571,52.289759,-3.8962888,SN70766743
,,47,,Hafod Beeches,https://ati.woodlandtrust.org.uk/tree-search/tree?treeid=4106,52.338767,-3.8217605,SN75987275
,,48,,Prostrate Blackthorn,,52.404119,-4.0888796,SN5799380510
,,50,,Mallwyd Yew,https://ati.woodlandtrust.org.uk/tree-search/tree?treeid=132905,52.69684502,-3.683607753,SH8632012348
,,51,,Lone Yew of Llynierth,https://ati.woodlandtrust.org.uk/tree-search/tree?treeid=11067,52.87131257,-3.650626782,SH8899431702
,,52,,Llanddeiniolen Yews,https://ati.woodlandtrust.org.uk/tree-search/tree?treeid=59038,53.17050916,-4.176959067,SH5458265924
,,57,,The Peace Tree,https://ati.woodlandtrust.org.uk/tree-search/tree?treeid=238225,53.246327,-3.307243,SJ1286772942
,,62,,Great Oak at the Gates of the Dead,https://ati.woodlandtrust.org.uk/tree-search/tree?treeid=195,52.931465,-3.0955072,SJ26463768
,,63,,Tan-y-Pistyll Wild Cherries,https://ati.woodlandtrust.org.uk/tree-search/tree?treeid=112069,52.85008,-3.3668438,SJ08052894
,,65,,The Patriarch Tree,https://ati.woodlandtrust.org.uk/tree-search/tree?treeid=10659,52.67689959,-3.430081193,SJ0340809759
,,66,,Buttington Oak,https://ati.woodlandtrust.org.uk/tree-search/tree?treeid=31758,52.679733,-3.1067986,SJ2527009689
,,71,,Garthmyl Oak,https://ati.woodlandtrust.org.uk/tree-search/tree?treeid=42718,52.583403,-3.194698,SO19159907
,,72,,Garthmyl Cedar of Lebanon,https://ati.woodlandtrust.org.uk/tree-search/tree?treeid=238390,52.582348,-3.196234,SO1904398954
,,73,,Newtown Black Poplar,https://ati.woodlandtrust.org.uk/tree-search/tree?treeid=10228,52.51439131,-3.311914666,SO1106891531
,,74,,Dolfor Sentinel Yews,https://ati.woodlandtrust.org.uk/tree-search/tree?treeid=182167,52.48047079,-3.336920413,SO0930187790
